,DATE,RATE,VOLUME,VNINBR,VNINTR,VNIRYY,FEDFUNDS,USDVND,DJI,VNIMP,VNEXP,US10Y,USIRYY
0,2023-08-01,1224.05,24110000.0,3.22,4.5,2.96,5.33,24060.0,34721.92,29320000000.0,32760000000.0,4.106,3.7
1,2023-07-01,1222.9,19110000.0,3.91,4.5,2.06,5.12,23680.0,35559.54,27000000000.0,30070000000.0,3.967,3.2
2,2023-06-01,1120.18,19850000.0,4.73,4.5,2.0,5.08,23575.0,34407.61,26360000000.0,29450000000.0,3.841,3.0
3,2023-05-01,1075.17,14530000.0,5.62,5.0,2.43,5.06,23485.0,32908.28,26810000000.0,28040000000.0,3.646,4.1
4,2023-04-01,1049.12,13090000.0,6.21,5.5,2.81,4.83,23450.0,34098.17,25210000000.0,27860000000.0,3.433,4.9
5,2023-03-01,1064.64,12290000.0,6.43,6.0,3.35,4.65,23450.0,33274.16,28320000000.0,29710000000.0,3.473,5.0
6,2023-02-01,1024.68,11930000.0,7.62,6.0,4.31,4.57,23740.0,32656.71,23250000000.0,26050000000.0,3.928,6.0
7,2023-01-01,1111.18,9740000.0,8.78,6.0,4.89,4.33,23445.0,34086.05,23040000000.0,23560000000.0,3.51,6.4
8,2022-12-01,1007.09,18770000.0,8.5,6.0,4.55,4.1,23610.0,33147.26,27290000000.0,29660000000.0,3.879,6.5
9,2022-11-01,1048.42,16460000.0,8.18,6.0,4.37,3.78,24630.0,34589.77,28400000000.0,29030000000.0,3.611,7.1
10,2022-10-01,1027.94,12480000.0,8.0,6.0,4.3,3.08,24840.0,32732.96,27900000000.0,30370000000.0,4.05,7.7
11,2022-09-01,1132.11,11200000.0,6.18,5.0,3.94,2.56,23855.0,28725.52,28390000000.0,29820000000.0,3.829,8.2
12,2022-08-01,1280.51,15290000.0,5.19,4.0,2.89,2.33,23450.0,31510.44,31060000000.0,34920000000.0,3.196,8.3
13,2022-07-01,1206.33,11090000.0,3.9,4.0,3.14,1.68,23335.0,32845.14,30530000000.0,30610000000.0,2.658,8.5
14,2022-06-01,1197.6,12880000.0,2.4,4.0,3.37,1.21,23255.0,30775.44,32370000000.0,32840000000.000004,3.017,9.1
15,2022-05-01,1292.68,11560000.0,2.46,4.0,2.86,0.77,23185.0,32990.13,32620000000.0,30920000000.0,2.849,8.6
16,2022-04-01,1366.8,14450000.0,2.38,4.0,2.64,0.33,22962.0,32977.22,32470000000.0,33320000000.0,2.938,8.3
17,2022-03-01,1492.15,19340000.0,2.33,4.0,2.41,0.2,22838.0,34678.36,32660000000.0,34710000000.0,2.345,8.5
18,2022-02-01,1490.13,11910000.0,2.51,4.0,1.42,0.08,22805.0,33892.61,25380000000.0,23420000000.0,1.822,7.9
19,2022-01-01,1478.96,17280000.0,2.4,4.0,1.94,0.08,22645.0,35131.87,29450000000.0,30840000000.0,1.784,7.5
20,2021-12-01,1498.28,20950000.0,2.37,4.0,1.81,0.08,22825.0,36338.31,31620000000.0,34590000000.0,1.512,7.0
21,2021-11-01,1478.44,24070000.0,1.58,4.0,2.1,0.08,22688.0,34483.73,30610000000.0,31870000000.0,1.456,6.8
22,2021-10-01,1444.27,15960000.0,1.56,4.0,1.77,0.08,22750.0,35819.57,26130000000.0,28870000000.0,1.561,6.2
23,2021-09-01,1342.06,14700000.0,1.54,4.0,2.06,0.08,22750.0,33843.93,26670000000.0,27030000000.0,1.492,5.4
24,2021-08-01,1331.47,15870000.0,1.58,4.0,2.82,0.09,22775.0,35360.74,27340000000.0,27230000000.0,1.307,5.3
25,2021-07-01,1310.05,13270000.0,1.66,4.0,2.64,0.1,22950.0,34935.48,29110000000.0,27860000000.0,1.226,5.4
26,2021-06-01,1408.55,16570000.0,1.73,4.0,2.4,0.08,23014.0,34502.52,27660000000.0,27200000000.0,1.468,5.4
27,2021-05-01,1328.05,14680000.0,1.8,4.0,2.9,0.06,23040.0,34529.45,28270000000.0,26190000000.0,1.581,5.0
28,2021-04-01,1239.39,15190000.0,1.47,4.0,2.7,0.07,23054.0,33874.85,27770000000.0,26550000000.0,1.626,4.2
29,2021-03-01,1191.44,15400000.0,1.25,4.0,1.16,0.07,23074.0,32981.55,28460000000.0,29650000000.0,1.744,2.6
30,2021-02-01,1168.47,8870000.0,1.58,4.0,0.7,0.08,23015.0,30932.37,20660000000.0,20200000000.0,1.407,1.7
31,2021-01-01,1056.61,15730000.0,1.32,4.0,-0.97,0.09,23048.0,29982.62,26460000000.0,28550000000.0,1.071,1.4
32,2020-12-01,1103.87,14510000.0,1.25,4.0,0.19,0.09,23070.0,30606.48,27900000000.0,27650000000.0,0.916,1.4
33,2020-11-01,1003.08,8960000.0,1.24,4.0,1.48,0.09,23140.0,29638.64,24690000000.0,25240000000.0,0.842,1.2
34,2020-10-01,925.47,9570000.0,1.3,4.0,2.47,0.09,23180.0,26501.6,24320000000.0,27260000000.0,0.874,1.2
35,2020-09-01,905.21,7750000.0,1.22,4.0,2.98,0.09,23181.0,27781.7,24200000000.0,27160000000.0,0.686,1.4
36,2020-08-01,881.65,6280000.0,1.63,4.5,3.18,0.1,23174.0,28430.05,22720000000.0,27700000000.0,0.706,1.3
37,2020-07-01,798.39,6480000.0,1.73,4.5,3.39,0.09,23170.0,26428.32,22100000000.0,24870000000.0,0.533,1.0
38,2020-06-01,825.11,9920000.0,2.13,4.5,3.17,0.08,23204.0,25812.88,20710000000.0,22560000000.0,0.658,0.6
39,2020-05-01,864.47,6280000.0,2.63,4.5,2.4,0.05,23280.0,25383.11,18180000000.0,19190000000.0,0.653,0.1
40,2020-04-01,769.11,5610000.0,3.12,5.0,2.93,0.05,23428.0,24345.72,18520000000.0,17580000000.0,0.646,0.3
41,2020-03-01,662.53,5990000.0,3.29,5.0,4.9,0.65,23616.0,21917.16,22150000000.0,24130000000.0,0.668,1.5
42,2020-02-01,882.19,4059999.9999999995,3.35,6.0,5.4,1.58,23240.0,25409.36,18580000000.0,20850000000.0,1.163,2.3
43,2020-01-01,936.62,3220000.0,3.96,6.0,6.43,1.55,23222.0,28256.03,18600000000.0,18320000000.0,1.505,2.5
44,2019-12-01,960.99,5090000.0,4.2,6.0,5.23,1.55,23171.0,28538.44,22300000000.0,22560000000.0,1.919,2.3
45,2019-11-01,970.75,4430000.0,4.53,6.0,3.52,1.55,23179.0,28051.41,21340000000.0,22790000000.0,1.774,2.1
46,2019-10-01,998.82,4330000.0,4.13,6.0,2.24,1.83,23202.0,27046.23,22370000000.0,24230000000.0,1.688,1.8
47,2019-09-01,996.56,3520000.0,4.09,6.0,1.98,2.04,23200.0,26916.83,21749000000.0,23357000000.0,1.668,1.7
48,2019-08-01,984.06,4010000.0,4.55,6.25,2.26,2.13,23185.0,26403.28,22450000000.0,25885000000.0,1.499,1.7
49,2019-07-01,991.66,3700000.0,3.97,6.25,2.44,2.4,23230.0,26864.27,22936000000.0,22979000000.0,2.007,1.8
50,2019-06-01,949.94,3270000.0,4.37,6.25,2.16,2.38,23300.0,26599.96,19490000000.0,21430000000.0,2.007,1.6
51,2019-05-01,959.88,3530000.0,4.22,6.25,2.88,2.39,23410.0,24815.04,23190000000.0,21900000000.0,2.133,1.8
52,2019-04-01,979.64,3150000.0,4.0,6.25,2.93,2.42,23285.0,26592.91,20990000000.0,20440000000.0,2.504,2.0
53,2019-03-01,980.76,4600000.0,4.48,6.25,2.7,2.41,23203.0,25928.68,21150000000.0,22780000000.0,2.407,1.9
54,2019-02-01,965.47,2970000.0,4.52,6.25,2.64,2.4,23199.0,25916.0,14670000000.0,13910000000.0,2.717,1.5
55,2019-01-01,910.65,2980000.0,5.22,6.25,2.56,2.4,23198.0,24999.67,21260000000.0,22080000000.0,2.633,1.6
56,2018-12-01,892.54,3850000.0,5.17,6.25,2.98,2.27,23190.0,23327.46,20450000000.0,19635000000.0,2.686,1.9
57,2018-11-01,926.54,3340000.0,5.12,6.25,3.46,2.2,23315.0,25538.46,21590000000.0,21750000000.0,2.993,2.2
58,2018-10-01,914.76,4520000.0,4.8,6.25,3.89,2.19,23343.0,25115.76,21760000000.0,22530000000.0,3.149,2.5
59,2018-09-01,1017.13,3860000.0,4.4,6.25,3.98,1.95,23325.0,26458.31,19510000000.0,21120000000.0,3.065,2.3
60,2018-08-01,989.54,4240000.0,4.68,6.25,3.98,1.91,23303.0,25964.82,21280000000.0,23480000000.0,2.86,2.7
61,2018-07-01,956.39,3810000.0,4.05,6.25,4.46,1.91,23280.0,25415.19,20955000000.0,20320000000.0,2.962,2.9
62,2018-06-01,960.78,3540000.0,2.42,6.25,4.67,1.82,22956.0,24271.41,19046000000.0,19845000000.0,2.86,2.9
63,2018-05-01,971.25,3860000.0,2.6,6.25,3.86,1.7,22804.0,24415.84,20765000000.0,19951000000.0,2.86,2.8
64,2018-04-01,1050.26,4200000.0,2.78,6.25,2.75,1.69,22763.0,24163.15,17204000000.0,18367000000.0,2.955,2.5
65,2018-03-01,1174.46,5190000.0,2.65,6.25,2.66,1.51,22793.0,24103.11,18875000000.0,21133000000.0,2.741,2.4
66,2018-02-01,1121.54,3470000.0,3.25,6.25,3.15,1.42,22756.0,25029.2,14033000000.0,14327000000.0,2.864,2.2
67,2018-01-01,1110.36,6210000.0,4.34,6.25,2.65,1.41,22700.0,26149.39,20040000000.0,20220000000.0,2.713,2.1
68,2017-12-01,984.24,4470000.0,4.72,6.25,2.6,1.3,22700.0,24719.22,19888000000.0,19654000000.0,2.405,2.1
69,2017-11-01,949.93,5110000.0,4.73,6.25,2.62,1.16,22705.0,24272.35,19394000000.0,19990000000.0,2.415,2.2
70,2017-10-01,837.28,3660000.0,3.23,6.25,2.98,1.15,22700.0,23377.24,18111000000.0,20292000000.0,2.378,2.0
71,2017-09-01,804.42,3160000.0,3.27,6.25,3.4,1.15,22720.0,22405.09,18241000000.0,19342000000.0,2.339,2.2
72,2017-08-01,782.76,4760000.0,3.25,6.25,3.35,1.16,22715.0,21948.1,18181000000.0,19767000000.0,2.121,1.9
73,2017-07-01,783.55,4480000.0,3.46,6.25,2.52,1.15,22726.0,21891.12,17406000000.0,17672000000.0,2.296,1.7
74,2017-06-01,776.47,4640000.0,4.2,6.5,2.54,1.04,22700.0,21349.63,18087000000.0,17795000000.0,2.304,1.6
75,2017-05-01,737.82,4800000.0,4.37,6.5,3.19,0.91,22710.0,21008.65,18459000000.0,17931000000.0,2.206,1.9
76,2017-04-01,717.73,3500000.0,5.03,6.5,4.3,0.9,22740.0,20940.51,17350000000.0,17536000000.0,2.289,2.2
77,2017-03-01,722.31,4500000.0,5.03,6.5,4.65,0.79,22750.0,20663.22,18349000000.0,17245000000.0,2.389,2.4
78,2017-02-01,710.79,3290000.0,4.76,6.5,5.02,0.66,22750.0,20812.24,15150000000.0,13106000000.0,2.397,2.7
79,2017-01-01,697.28,1690000.0,5.28,6.5,5.22,0.65,22590.0,19864.09,13188000000.0,14342000000.0,2.466,2.5
80,2016-12-01,664.87,2890000.0,5.25,6.5,4.74,0.54,22770.0,19762.6,17077000000.000002,16582999999.999998,2.446,2.1
81,2016-11-01,665.07,2600000.0,4.88,6.5,4.52,0.41,22640.0,19123.58,16375000000.0,16132000000.000002,2.39,1.7
82,2016-10-01,675.8,2700000.0,3.5,6.5,4.09,0.4,22284.0,18142.42,15846000000.0,15401000000.0,1.826,1.6
83,2016-09-01,685.73,2620000.0,3.47,6.5,3.34,0.4,22281.0,18308.15,14554000000.0,15418000000.0,1.598,1.5
84,2016-08-01,674.63,2710000.0,3.68,6.5,2.57,0.4,22300.0,18400.88,15523000000.0,16096000000.0,1.578,1.1
85,2016-07-01,652.23,2860000.0,4.05,6.5,2.39,0.39,22273.0,18432.24,14344000000.0,14908000000.0,1.45,0.8
86,2016-06-01,632.26,2800000.0,4.12,6.5,2.4,0.38,22281.0,17929.99,14742000000.0,14725000000.0,1.475,1.0
87,2016-05-01,618.44,2510000.0,4.45,6.5,2.28,0.37,22366.0,17787.2,14549000000.0,14372000000.0,1.851,1.0
88,2016-04-01,598.37,2660000.0,5.08,6.5,1.89,0.37,22244.0,17773.64,14073000000.0,14350000000.0,1.835,1.1
89,2016-03-01,561.22,3530000.0,5.05,6.5,1.69,0.36,22264.0,17685.09,14493000000.0,15117000000.0,1.77,0.9
90,2016-02-01,559.37,1900000.0,4.85,6.5,1.27,0.38,22277.0,16516.5,10290000000.0,10099000000.0,1.738,1.0
91,2016-01-01,545.25,2650000.0,5.4,6.5,0.8,0.34,22198.0,16466.3,12598000000.0,13363000000.0,1.923,1.4
92,2015-12-01,579.03,2550000.0,5.33,6.5,0.6,0.24,22480.0,17425.03,14298000000.0,13735000000.0,2.269,0.7
93,2015-11-01,573.2,2800000.0,4.8,6.5,0.34,0.12,22468.0,17719.92,13631000000.0,13894000000.0,2.208,0.5
94,2015-10-01,607.37,2630000.0,4.6,6.5,0.0,0.12,22309.0,17663.54,13814000000.0,14314000000.0,2.146,0.2
95,2015-09-01,562.64,1970000.0,4.82,6.5,0.0,0.14,22471.0,16284.7,14034000000.0,13814000000.0,2.035,0.0
96,2015-08-01,564.75,2570000.0,4.83,6.5,0.61,0.14,22480.0,16528.03,14134000000.0,14481000000.0,2.214,0.2
97,2015-07-01,621.06,3210000.0,4.58,6.5,0.9,0.13,21813.0,17689.86,14668000000.0,14181000000.0,2.187,0.2
98,2015-06-01,593.05,3160000.0,4.7,6.5,1.0,0.13,21802.0,17619.51,14465000000.0,14325000000.0,2.349,0.1
99,2015-05-01,569.56,2089999.9999999998,4.45,6.5,0.95,0.12,21785.0,18010.68,14938000000.0,13699000000.0,2.123,0.0
100,2015-04-01,562.4,1660000.0,4.9,6.5,0.99,0.12,21550.0,17840.52,13200000000.0,13348000000.0,2.035,-0.2
101,2015-03-01,551.13,2220000.0,4.74,6.5,0.93,0.11,21520.0,17776.12,14736000000.0,13345000000.0,1.927,-0.1
102,2015-02-01,592.57,1140000.0,4.63,6.5,0.34,0.11,21320.0,18132.7,10480000000.0,9513000000.0,1.997,0.0
103,2015-01-01,576.07,2230000.0,4.68,6.5,0.94,0.11,21267.0,17164.95,13766000000.0,13405000000.0,1.639,-0.1
104,2014-12-01,545.63,2620000.0,4.68,6.5,1.84,0.12,21370.0,17823.07,14038000000.0,12876000000.0,2.17,0.8
105,2014-11-01,566.58,2700000.0,3.95,6.5,2.6,0.09,21300.0,17828.24,12792000000.0,13230000000.0,2.173,1.3
106,2014-10-01,600.84,3130000.0,3.72,6.5,3.23,0.09,21255.0,17390.52,14072000000.0,14068000000.0,2.335,1.7
107,2014-09-01,598.8,3370000.0,3.76,6.5,3.62,0.09,21190.0,17042.9,13216000000.0,12634000000.0,2.495,1.7
108,2014-08-01,636.65,2530000.0,4.3,6.5,4.31,0.09,21170.0,17098.45,12198000000.0,13272000000.0,2.345,1.7
109,2014-07-01,596.07,2420000.0,4.08,6.5,4.94,0.09,21200.0,16563.3,12965000000.0,12916000000.0,2.562,2.0
110,2014-06-01,578.13,1820000.0,4.43,6.5,4.98,0.1,21300.0,16826.6,12430000000.0,12378000000.0,2.532,2.1
111,2014-05-01,562.02,2069999.9999999998,4.5,6.5,4.72,0.09,21135.0,16717.17,12777000000.0,12408000000.0,2.475,2.1
112,2014-04-01,578.0,2150000.0,4.35,6.5,4.45,0.09,21060.0,16580.84,12260000000.0,13071000000.0,2.646,2.0
113,2014-03-01,591.57,3560000.0,4.42,6.5,4.39,0.08,21075.0,16457.66,12473000000.0,12277000000.0,2.719,1.5
114,2014-02-01,586.48,2550000.0,5.02,7.0,4.65,0.07,21080.0,16321.71,10090000000.0,9540000000.0,2.649,1.1
115,2014-01-01,556.52,1600000.0,5.96,7.0,5.45,0.07,21035.0,15698.85,10016000000.0,11460000000.0,2.644,1.6
116,2013-12-01,504.63,1970000.0,5.98,7.0,6.04,0.09,21075.0,16576.66,12185000000.0,11637000000.0,3.026,1.5
117,2013-11-01,507.78,1960000.0,5.92,7.0,5.78,0.08,21090.0,16086.41,10988000000.0,11992000000.0,2.746,1.2
118,2013-10-01,497.41,1580000.0,5.74,7.0,5.92,0.09,21080.0,15545.75,12512000000.0,12613000000.0,2.552,1.0
119,2013-09-01,492.63,982600.0,5.2,7.0,6.3,0.08,21112.0,15129.67,11272000000.0,11184000000.0,2.615,1.2
120,2013-08-01,472.7,951100.0,5.49,7.0,7.5,0.08,21120.0,14810.31,11319000000.0,11923000000.0,2.789,1.5
121,2013-07-01,491.85,974400.0,6.03,7.0,7.29,0.09,21140.0,15499.54,11220000000.0,11599000000.0,2.588,2.0
122,2013-06-01,481.13,1350000.0,4.34,7.0,6.69,0.09,21170.0,14909.6,10723000000.0,11009000000.0,2.487,1.8
123,2013-05-01,518.39,1500000.0,4.96,7.0,6.36,0.11,20990.0,15115.57,12228000000.0,11675000000.0,2.132,1.4
124,2013-04-01,474.51,926700.0,5.94,8.0,6.61,0.15,20810.0,14839.8,10969000000.0,10033000000.0,1.673,1.1
125,2013-03-01,491.04,1050000.0,6.1,8.0,6.64,0.14,20925.0,14578.54,11575000000.0,11029000000.0,1.852,1.5
126,2013-02-01,474.56,1150000.0,6.55,9.0,7.02,0.15,20930.0,14054.49,7240000000.0,7146000000.0,1.881,2.0
127,2013-01-01,479.79,1830000.0,6.7,9.0,7.07,0.14,20810.0,13860.58,10696000000.0,11472000000.0,1.985,1.6
128,2012-12-01,413.73,1080000.0,7.62,9.0,6.81,0.16,20820.0,13104.14,9857000000.0,10355000000.0,1.757,1.7
129,2012-11-01,377.82,647900.0,7.09,10.0,7.08,0.16,20835.0,13025.58,9952000000.0,10347000000.0,1.616,1.8
130,2012-10-01,388.42,875100.0,7.38,10.0,7.0,0.16,20825.0,13096.46,10166000000.0,10322000000.0,1.694,2.2
131,2012-09-01,392.57,769900.0,7.5,10.0,6.48,0.14,20875.0,13437.13,9308000000.0,9483000000.0,1.633,2.0
132,2012-08-01,396.02,957000.0,8.5,10.0,5.04,0.13,20790.0,13090.84,10257000000.0,10308000000.0,1.548,1.7
133,2012-07-01,414.48,924500.0,7.88,10.0,5.35,0.16,20850.0,13008.68,9610000000.0,10189000000.0,1.47,1.4
134,2012-06-01,422.37,1400000.0,9.67,11.0,6.9,0.16,20880.0,12880.09,9529000000.0,9890000000.0,1.643,1.7
135,2012-05-01,429.2,1950000.0,7.13,12.0,8.34,0.16,20820.0,12393.45,10223000000.0,9696000000.0,1.563,1.7
136,2012-04-01,473.77,1770000.0,10.31,13.0,10.54,0.14,20830.0,13213.63,8959000000.0,8962000000.0,1.919,2.3
137,2012-03-01,441.03,1950000.0,13.04,14.0,14.0,0.13,20820.0,13212.04,9055000000.0,9479000000.0,2.214,2.7
138,2012-02-01,423.64,1180000.0,13.5,15.0,16.44,0.1,20830.0,12952.07,8579000000.000001,8300000000.000001,1.974,2.9
139,2012-01-01,387.97,563510.0,13.5,15.0,17.24,0.08,21000.0,12632.91,6923000000.0,7095000000.0,1.795,2.9
140,2011-12-01,351.55,928640.0,13.5,15.0,18.13,0.07,21031.0,12217.56,9356000000.0,9087000000.0,1.876,3.0
141,2011-11-01,380.69,702590.0,13.5,15.0,19.83,0.08,21000.0,12045.68,9421000000.0,8854000000.0,2.072,3.4
142,2011-10-01,420.81,601840.0,13.5,15.0,21.59,0.07,21000.0,11955.01,9144000000.0,8394000000.0,2.116,3.5
143,2011-09-01,427.6,1080000.0,13.5,14.0,22.42,0.08,20825.0,10913.38,9445000000.0,7944000000.0,1.917,3.9
144,2011-08-01,424.71,755170.0,13.5,14.0,23.02,0.1,20830.0,11613.53,9643000000.0,9247000000.0,2.234,3.8
145,2011-07-01,405.7,477870.0,13.5,14.0,22.16,0.07,20580.0,12143.24,8221000000.0,9323000000.0,2.793,3.6
146,2011-06-01,432.54,770870.0,13.5,14.0,20.82,0.09,20510.0,12414.34,8620000000.0,8460000000.000001,3.16,3.6
147,2011-05-01,421.37,529240.0,13.5,14.0,19.78,0.09,20500.0,12569.79,8654000000.0,7233000000.0,3.059,3.6
148,2011-04-01,480.08,471550.0,13.5,13.0,17.51,0.1,20570.0,12810.54,8930000000.0,7437000000.0,3.29,3.2
149,2011-03-01,461.13,803300.0,13.5,12.0,13.89,0.14,20880.0,12319.73,8856000000.0,7447000000.0,3.47,2.7
150,2011-02-01,461.37,543700.0,13.5,11.0,12.31,0.16,20875.0,12226.34,5960000000.0,4848000000.0,3.422,2.1
151,2011-01-01,510.6,695440.0,13.5,9.0,12.17,0.17,19495.0,11891.93,7968000000.0,7091000000.0,3.374,1.6
152,2010-12-01,484.66,1680000.0,13.5,9.0,11.75,0.18,19495.0,11577.51,8792000000.0,7498000000.0,3.288,1.5
153,2010-11-01,451.59,750690.0,13.5,9.0,11.09,0.19,19498.0,11006.02,7941000000.0,6641000000.0,2.797,1.1
154,2010-10-01,452.63,658220.0,10.61,8.0,9.66,0.19,19480.0,11118.49,7304000000.0,6227000000.0,2.603,1.2
155,2010-09-01,454.52,908110.0,10.17,8.0,8.92,0.19,19450.0,10788.05,6973000000.0,6098000000.0,2.512,1.1
156,2010-08-01,455.08,902460.0,10.23,8.0,8.18,0.19,19490.0,10014.72,7252000000.0,6857000000.0,2.47,1.1
157,2010-07-01,493.91,974170.0,10.27,8.0,8.19,0.18,19050.0,10465.94,7007000000.0,6029000000.0,2.905,1.2
158,2010-06-01,507.14,1080000.0,10.54,8.0,8.69,0.18,19080.0,9774.02,7059000000.0,6317000000.0,2.935,1.1
159,2010-05-01,507.44,1250000.0,10.76,8.0,9.05,0.2,18875.0,10136.63,7183000000.0,6312000000.0,3.303,2.0
160,2010-04-01,542.37,1170000.0,11.15,8.0,9.23,0.2,18975.0,11008.61,6494000000.0,5332000000.0,3.659,2.2
161,2010-03-01,499.24,1170000.0,11.72,8.0,9.46,0.16,19090.0,10856.63,6747000000.0,5592000000.0,3.833,2.3
162,2010-02-01,496.91,402920.0,11.91,8.0,8.46,0.13,19050.0,10325.26,5070000000.0,3740000000.0,3.619,2.1
163,2010-01-01,481.96,889880.0,11.88,8.0,7.62,0.11,18474.0,10067.33,5958000000.0,5013000000.0,3.588,2.6
164,2009-12-01,494.77,1040000.0,11.78,8.0,6.52,0.12,18474.0,10428.05,7395000000.0,5467000000.0,3.837,2.7
165,2009-11-01,504.12,1130000.0,9.48,7.0,4.33,0.12,18385.0,10344.84,6767000000.0,4686000000.0,3.198,1.8
166,2009-10-01,587.12,1800000.0,8.92,7.0,2.93,0.12,17940.0,9712.73,6625000000.0,5026000000.0,3.388,-0.2
167,2009-09-01,580.9,1470000.0,8.69,7.0,2.35,0.15,17840.5,9712.28,6376000000.0,4544000000.0,3.305,-1.3
168,2009-08-01,546.78,1170000.0,8.68,7.0,1.92,0.16,17819.0,9496.28,5848000000.0,4523000000.0,3.401,-1.5
169,2009-07-01,466.76,794830.0,8.19,7.0,3.3,0.16,17813.5,9171.61,6323000000.0,4806000000.0,3.482,-2.1
170,2009-06-01,448.29,1190000.0,8.0,7.0,3.9,0.21,17773.0,8447.0,5902000000.0,4737000000.0,3.537,-1.4
171,2009-05-01,411.64,1030000.0,7.98,7.0,5.5,0.18,17775.0,8500.33,5669000000.0,4415000000.0,3.461,-1.3
172,2009-04-01,321.63,748910.0,8.0,7.0,9.13,0.15,17783.0,8168.12,5456000000.0,4279000000.0,3.119,-0.7
173,2009-03-01,280.67,412120.0,8.19,8.0,11.15,0.18,17786.0,7608.92,5043000000.0,5312000000.0,2.668,-0.4
174,2009-02-01,245.74,172410.0,8.18,8.0,14.68,0.22,17480.5,7062.93,4188000000.0,5028000000.0,3.021,0.2
175,2009-01-01,303.21,127060.0,8.1,9.5,17.43,0.15,17484.5,8000.86,3329000000.0,3719000000.0,2.851,0.0
176,2008-12-01,315.62,277800.0,9.78,9.5,19.87,0.16,17483.0,8776.39,5100000000.0,4900000000.0,2.22,0.1
177,2008-11-01,314.74,308650.0,12.79,12.0,24.21,0.39,16972.0,8829.04,4651000000.0,4219000000.000001,2.92,1.1
178,2008-10-01,347.05,366140.0,16.23,14.0,26.72,0.97,16900.0,9325.01,5706000000.0,5044000000.0,3.97,3.7
179,2008-09-01,456.7,434520.0,17.5,15.0,27.86,1.81,16600.0,10850.66,5511000000.0,5274000000.0,3.829,4.9
180,2008-08-01,539.1,457810.0,19.09,15.0,28.24,2.0,16525.0,11543.55,6276000000.0,6018000000.0,3.825,5.4
181,2008-07-01,451.36,363140.0,19.4599,15.0,26.98,2.01,16765.0,11378.02,7300000000.0,6547000000.0,3.958,5.6
182,2008-06-01,399.4,199840.0,18.67,15.0,26.73,2.0,16842.0,11350.01,6800000000.0,5500000000.0,3.975,5.0
183,2008-05-01,414.1,88290.0,15.38,13.0,25.24,1.98,16246.0,12638.32,8000000000.0,5150000000.0,4.067,4.2
184,2008-04-01,522.36,168700.0,11.96,7.5,21.5,2.28,16122.0,12820.13,7850000000.0,5100000000.0,3.734,3.9
185,2008-03-01,516.85,315790.0,10.2,7.5,19.48,2.61,16110.0,12262.89,7000000000.0,4700000000.0,3.421,4.0
186,2008-02-01,663.3,195510.0,9.66,7.5,15.77,2.98,15930.5,12266.39,5800000000.0,3800000000.0,3.519,4.0
187,2008-01-01,844.11,228710.0,9.71,6.5,14.2,3.94,15970.0,12650.36,7432000000.0,5011000000.0,3.597,4.3
188,2007-12-01,927.02,169990.0,8.76,6.5,12.75,4.24,16028.0,13264.82,6300000000.0,4700000000.0,4.035,4.1
189,2007-11-01,972.35,265690.0,9.27,6.5,10.12,4.49,16040.0,13371.72,5750000000.0,4500000000.0,3.949,4.3
190,2007-10-01,1065.09,338600.0,7.67,6.5,9.47,4.76,16069.0,13930.01,5250000000.0,4200000000.0,4.473,3.5
191,2007-09-01,1046.86,197300.0,8.19,6.5,8.93,4.94,16080.0,13895.63,5100000000.0,4100000000.0,4.594,2.8
192,2007-08-01,908.37,146050.0,6.9,6.5,8.71,5.02,16240.0,13357.74,5200000000.0,4400000000.0,4.527,2.0
193,2007-07-01,907.95,136890.0,6.52,6.5,8.49,5.26,16140.0,13211.99,5050000000.0,4250000000.0,4.733,2.4
194,2007-06-01,1024.68,169820.0,7.74,6.5,7.96,5.25,16131.0,13408.62,5050000000.0,4100000000.0,5.027,2.7
195,2007-05-01,1081.48,174600.0,7.08,6.5,7.42,5.25,16089.0,13627.64,4600000000.0,3900000000.0,4.892,2.7
196,2007-04-01,923.89,118710.0,7.19,6.5,7.21,5.25,16048.0,13062.91,4500000000.0,3950000000.0,4.628,2.6
197,2007-03-01,1071.33,271150.0,7.09,6.5,6.89,5.26,16015.0,12354.35,4000000000.0,3800000000.0,4.648,2.8
198,2007-02-01,1137.69,154930.0,7.85,6.5,6.57,5.26,16001.0,12268.63,3500000000.0,3000000000.0,4.577,2.4
199,2007-01-01,1041.33,245810.0,8.43,6.5,6.46,5.25,16050.0,12621.69,3400000000.0,3300000000.0,4.814,2.1
200,2006-12-01,751.77,185730.0,8.69,6.5,6.57,5.24,16056.0,12463.15,4000000000.0,3500000000.0,4.7,2.5
201,2006-11-01,633.05,135320.0,8.43,6.5,6.89,5.25,16070.0,12221.93,4100000000.0,3460000000.0,4.462,2.0
202,2006-10-01,511.54,102800.0,8.05,6.5,6.67,5.25,16070.0,12080.73,4050000000.0,3400000000.0,4.604,1.3
203,2006-09-01,526.73,95210.0,7.79,6.5,6.89,5.25,16050.0,11679.07,3900000000.0,3300000000.0,4.633,2.1
204,2006-08-01,491.18,104670.0,7.82,6.5,7.42,5.25,16014.0,11381.15,4000000000.0,3560000000.0,4.732,3.8
205,2006-07-01,422.41,67950.0,7.82,6.5,7.42,5.24,16006.0,11185.68,4050000000.0,3500000000.0,4.988,4.1
206,2006-06-01,515.59,64080.0,7.85,6.5,7.42,4.99,15996.0,11150.22,4000000000.0,3400000000.0,5.145,4.3
207,2006-05-01,538.91,91830.0,7.89,6.5,7.42,4.94,15957.5,11168.31,3600000000.0,3200000000.0,5.123,4.2
208,2006-04-01,595.48,105600.0,7.94,6.5,7.31,4.79,15942.5,11367.14,3500000000.0,3200000000.0,5.057,3.5
209,2006-03-01,503.56,93010.0,7.99,6.5,7.74,4.59,15925.0,11109.32,3200000000.0,3100000000.0,4.853,3.4
210,2006-02-01,390.65,40000.0,7.81,6.5,8.39,4.49,15910.0,10993.41,2800000000.0,2500000000.0,4.557,3.6
211,2006-01-01,312.32,34610.0,7.94,6.5,8.82,4.29,15918.0,10864.86,3150000000.0,2800000000.0,4.519,4.0
212,2005-12-01,307.5,35250.0,7.98,6.5,8.71,4.16,15914.0,10717.5,3300000000.0,2970000000.0,4.395,3.4
213,2005-11-01,311.33,40010.0,7.91,6.0,8.49,4.0,15908.0,10805.87,3100000000.0,2750000000.0,4.49,3.5
214,2005-10-01,307.4,55490.0,7.81,6.0,8.28,3.78,15896.0,10440.07,3200000000.0,2850000000.0,4.557,4.3
215,2005-09-01,289.33,45190.0,7.69,6.0,7.85,3.62,15900.0,10568.7,3100000000.0,2800000000.0,4.332,4.7
216,2005-08-01,254.5,28430.0,7.74,6.0,7.31,3.5,15872.0,10481.6,3100000000.0,2800000000.0,4.014,3.6
217,2005-07-01,245.53,26660.0,7.72,6.0,7.52,3.26,15878.0,10640.91,3150000000.0,2750000000.0,4.282,3.2
218,2005-06-01,246.81,25290.0,7.51,6.0,7.63,3.04,15851.0,10274.97,3300000000.0,2550000000.0,3.921,2.5
219,2005-05-01,244.24,17720.0,7.61,6.0,8.06,3.0,15860.0,10467.48,3150000000.0,2500000000.0,3.987,2.8
220,2005-04-01,246.25,26010.0,7.56,6.0,8.49,2.79,15828.0,10192.51,3150000000.0,2650000000.0,4.2,3.5
221,2005-03-01,246.51,26880.0,7.49,5.5,8.38,2.63,15819.0,10503.76,2800000000.0,2500000000.0,4.488,3.1
222,2005-02-01,235.1,9230.0,7.44,5.5,9.14,2.5,15803.0,10766.23,2350000000.0,1900000000.0,4.381,3.0
223,2005-01-01,233.32,16930.0,7.5,5.5,9.67,2.28,15786.0,10489.94,2844000000.0,2414000000.0,4.132,3.0
224,2004-12-01,239.29,27320.0,7.37,5.0,9.67,2.16,15773.0,10783.01,3100000000.0,2300000000.0,4.222,3.3
225,2004-11-01,229.56,26440.0,7.18,5.0,9.89,1.93,15773.0,10428.02,2750000000.0,2250000000.0,4.355,3.5
226,2004-10-01,232.59,17950.0,7.21,5.0,10.33,1.76,15750.0,10027.47,2550000000.0,2200000000.0,4.029,3.2
227,2004-09-01,233.19,22240.0,7.03,5.0,10.11,1.61,15745.0,10080.27,2650000000.0,2200000000.0,4.123,2.5
228,2004-08-01,232.38,21420.0,7.26,5.0,9.89,1.43,15760.0,10173.92,2580000000.0,2300000000.0,4.24,2.7
229,2004-07-01,238.44,11850.0,7.17,5.0,9.12,1.26,15748.0,10139.71,2550000000.0,2160000000.0,4.491,2.9
230,2004-06-01,249.7,18960.0,7.08,5.0,8.26,1.03,15721.5,10435.48,2530000000.0,2050000000.0,4.583,3.3
231,2004-05-01,251.99,20470.0,7.02,5.0,7.07,1.0,15741.0,10188.45,2500000000.0,1980000000.0,4.665,3.1
232,2004-04-01,264.43,20550.0,6.98,5.0,6.01,1.0,15717.5,10225.57,2300000000.0,1870000000.0,4.51,2.3
233,2004-03-01,277.44,24840.0,6.76,5.0,5.49,1.0,15721.0,10357.7,2200000000.0,1900000000.0,3.837,1.7
234,2004-02-01,260.6,25030.0,6.33,5.0,4.02,1.01,15754.0,10583.92,1830000000.0,1700000000.0,3.972,1.7
235,2004-01-01,214.32,11000.0,6.54,5.0,3.21,1.0,15695.0,10488.07,1860000000.0,1672000000.0,4.134,2.0
236,2003-12-01,166.94,14050.0,6.52,5.0,3.01,0.98,15642.0,10453.92,2250000000.0,1709000000.0,4.253,1.9
237,2003-11-01,163.87,8100.0,6.41,5.0,2.5,1.0,15626.0,9782.46,2050000000.0,1660000000.0,4.334,1.8
238,2003-10-01,136.21,7180.0,6.34,5.0,2.19,1.01,15642.0,9801.12,1920000000.0,1620000000.0,4.297,2.0
239,2003-09-01,139.32,2810.0,6.74,5.0,2.7,1.01,15554.0,9275.06,2172800000.0,1950000000.0,3.94,2.3
240,2003-08-01,142.71,3290.0,6.67,5.0,2.81,1.03,15520.0,9415.82,1950000000.0,1720000000.0,4.47,2.2
241,2003-07-01,146.32,2610.0,7.51,6.0,3.01,1.01,15514.0,9233.8,1950000000.0,1630000000.0,4.41,2.1
242,2003-06-01,152.27,2970.0,7.66,6.0,3.22,1.22,15497.0,8985.44,2050000000.0,1700000000.0,3.516,2.1
243,2003-05-01,152.24,3080.0,8.11,6.6,3.63,1.26,15473.5,8850.26,2200000000.0,1620000000.0,3.373,2.1
244,2003-04-01,152.54,3480.0,7.88,6.6,4.05,1.26,15464.0,8480.09,1800000000.0,1560000000.0,3.84,2.2
245,2003-03-01,145.41,2510.0,7.53,6.6,4.05,1.25,15453.5,7992.13,1670000000.0,1600000000.0,3.802,3.0
246,2003-02-01,164.61,1450.0,7.51,4.8,3.84,1.26,15429.5,7891.08,1400000000.0,1250000000.0,3.692,3.0
247,2003-01-01,172.38,1640.0,7.8,4.8,3.84,1.24,15431.0,8053.81,1624000000.0,1615000000.0,3.966,2.6
248,2002-12-01,183.33,3030.0,7.37,4.8,4.04,1.24,15401.0,8341.63,1828000000.0,1540000000.0,3.818,2.4
249,2002-11-01,177.87,2140.0,7.72,4.8,4.77,1.34,15383.5,8896.09,1750000000.0,1520000000.0,4.211,2.2
250,2002-10-01,177.61,2600.0,7.78,4.8,4.67,1.75,15361.5,8397.03,1670000000.0,1500000000.0,3.895,2.0
251,2002-09-01,182.13,2700.0,7.68,4.8,4.35,1.75,15344.0,7591.93,1711000000.0,1610000000.0,3.6,1.5
252,2002-08-01,191.66,3150.0,7.87,4.8,4.67,1.74,15330.0,8663.5,1650000000.0,1500000000.0,4.13,1.8
253,2002-07-01,197.57,4390.0,7.85,4.8,4.56,1.73,15320.0,8736.59,1550000000.0,1400000000.0,4.459,1.5
254,2002-06-01,202.06,2170.0,7.31,4.8,4.46,1.75,15274.0,9243.26,1560000000.0,1420000000.0,4.809,1.1
255,2002-05-01,207.12,5190.0,7.22,4.8,4.35,1.75,15249.5,9925.25,1550000000.0,1400000000.0,5.045,1.2
256,2002-04-01,208.48,4090.0,7.52,4.8,3.83,1.75,15220.5,9946.22,1380000000.0,1320000000.0,5.089,1.6
257,2002-03-01,200.15,3990.0,7.38,4.8,3.31,1.73,15190.0,10403.94,1350000000.0,1250000000.0,5.406,1.5
258,2002-02-01,191.1,1560.0,6.99,4.8,3.42,1.74,15141.0,10106.13,1120000000.0,950000000.0,4.874,1.1
259,2002-01-01,207.55,2009.9999999999998,6.62,4.8,1.6,1.73,15121.0,9920.0,1300000000.0,1480000000.0,5.046,1.1
260,2001-12-01,235.4,1310.0,6.77,4.8,0.79,1.82,15108.0,10021.5,1458000000.0,1301000000.0,5.029,1.6
261,2001-11-01,288.52,1280.0,7.06,4.8,-0.11,2.09,15092.0,9851.56,1380000000.0,1180000000.0,4.754,1.9
262,2001-10-01,260.29,2480.0,7.16,4.8,0.59,2.49,15057.0,9075.14,1590000000.0,1560000000.0,4.244,2.1
263,2001-09-01,244.46,1790.0,7.25,4.8,0.69,3.07,15028.0,8847.56,1590000000.0,1600000000.0,4.59,2.6
264,2001-08-01,277.4,2120.0,7.01,4.8,-0.01,3.65,15018.0,9949.75,1420000000.0,1450000000.0,4.84,2.7
265,2001-07-01,422.46,1960.0,8.64,4.8,0.09,3.77,14968.0,10522.81,1400000000.0,1410300000.0,5.055,2.7
266,2001-06-01,500.28,2240.0,6.86,5.4,-0.31,3.97,14869.0,10502.4,1460000000.0,1370000000.0,5.404,3.2
267,2001-05-01,404.26,1060.0,6.43,5.4,-0.81,4.21,14686.0,10911.94,1449900000.0,1320000000.0,5.385,3.6
268,2001-04-01,321.07,1560.0,6.48,5.4,-1.21,4.8,14591.0,10734.97,1370000000.0,1310000000.0,5.336,3.3
269,2001-03-01,269.3,1670.0,6.5,6.0,-1.41,5.31,14569.0,9878.78,1380000000.0,1320500000.0,4.915,2.9
270,2001-02-01,252.4,1430.0,6.71,6.0,-1.8,5.49,14589.0,10495.28,1150000000.0,1120000000.0,4.904,3.5
271,2001-01-01,245.8,840.0,7.54,6.0,-0.63,5.98,14570.0,10887.36,1052000000.0,1091000000.0,5.112,3.7
272,2000-12-01,206.83,900.0,8.54,6.0,-0.53,6.4,14539.0,10787.99,1408000000.0,1300000000.0,5.112,3.4
273,2000-11-01,168.73,870.0,9.18,6.0,-0.13,6.51,14523.0,10414.49,1380000000.0,1320000000.0,5.478,3.4
274,2000-10-01,140.84,670.0,10.38,4.8,-0.63,6.51,14402.0,10971.14,1300000000.0,1280000000.0,5.761,3.4
275,2000-09-01,120.71,640.0,6.49,4.8,-1.72,6.52,14214.0,10650.92,1265000000.0,1400000000.0,5.808,3.5
276,2000-08-01,115.15,560.0,6.2,4.8,-2.11,6.5,14120.0,11215.1,1350000000.0,1340000000.0,5.729,3.4
